Timestamp,AvgFPS,AvgFrameMs,MaxFrameMs,P95FrameMs,GCAvgPerFrame_B,GCMaxPerFrame_B,MonoHeapMB,TotalMemMB,EnemyCount
2026-06-27 18:25:34,1.7,579.84,1157.41,1157.41,0,0,4.68,176.57,9
2026-06-27 18:25:35,146.5,6.83,34.81,6.93,0,0,4.68,176.85,9
2026-06-27 18:25:36,145.0,6.90,7.34,7.21,0,0,4.90,176.95,9
2026-06-27 18:25:37,136.5,7.33,9.22,7.58,0,0,5.07,176.99,9
2026-06-27 18:25:38,136.6,7.32,7.88,7.55,0,0,5.31,177.03,9
2026-06-27 18:25:39,137.7,7.26,7.63,7.51,0,0,5.41,177.02,9
2026-06-27 18:25:40,137.3,7.28,7.59,7.53,0,0,5.41,177.03,9
2026-06-27 18:25:41,137.5,7.27,12.16,7.65,0,0,5.29,177.13,9
2026-06-27 18:25:42,134.2,7.45,17.89,7.82,0,0,5.51,178.40,9
2026-06-27 18:25:43,159.8,6.26,7.40,6.77,0,0,5.51,178.67,9
2026-06-27 18:25:44,157.1,6.37,9.41,6.64,0,0,5.51,178.76,9
2026-06-27 18:25:45,131.3,7.61,167.27,6.81,0,0,5.51,178.87,9
2026-06-27 18:25:46,153.9,6.50,11.12,6.77,0,0,5.51,179.04,9
2026-06-27 18:25:47,122.3,8.18,225.00,6.82,0,0,5.51,179.54,9
2026-06-27 18:25:48,132.3,7.56,13.34,10.27,0,0,5.52,179.91,9
2026-06-27 18:25:49,150.6,6.64,6.99,6.86,0,0,5.52,179.87,9
2026-06-27 18:25:50,150.0,6.67,7.23,6.94,0,0,5.52,179.89,9
2026-06-27 18:25:51,152.0,6.58,7.25,7.06,0,0,5.52,179.87,9
2026-06-27 18:25:52,149.2,6.70,7.34,7.22,0,0,5.52,179.88,9
2026-06-27 18:25:53,149.4,6.69,7.41,7.21,0,0,5.53,179.89,9
2026-06-27 18:25:54,152.7,6.55,11.07,7.10,0,0,5.53,180.29,9
2026-06-27 18:25:55,152.0,6.58,7.01,6.97,0,0,5.53,180.31,9
2026-06-27 18:25:56,148.7,6.73,7.23,6.98,0,0,5.53,180.23,9
2026-06-27 18:25:57,153.7,6.51,6.97,6.79,0,0,5.53,180.22,9
2026-06-27 18:25:58,156.4,6.39,8.20,6.89,0,0,5.53,180.14,9
2026-06-27 18:25:59,162.8,6.14,6.95,6.66,0,0,5.53,180.03,8
2026-06-27 18:26:00,153.4,6.52,7.38,7.16,0,0,5.53,180.06,8
2026-06-27 18:26:01,152.6,6.55,7.27,7.09,0,0,5.53,180.06,8
2026-06-27 18:26:02,146.7,6.82,9.05,7.60,0,0,5.55,180.06,8
2026-06-27 18:26:03,140.2,7.13,7.76,7.65,0,0,5.55,180.06,8
2026-06-27 18:26:04,140.3,7.13,7.82,7.68,0,0,5.59,180.06,8
2026-06-27 18:26:05,140.4,7.12,7.96,7.67,0,0,5.63,180.06,8
2026-06-27 18:26:06,136.5,7.33,9.03,7.96,0,0,5.63,180.10,8
2026-06-27 18:26:07,161.4,6.20,6.57,6.45,0,0,5.63,180.06,8
2026-06-27 18:26:08,157.1,6.37,6.74,6.63,0,0,5.63,180.10,8
2026-06-27 18:26:09,151.4,6.60,6.92,6.87,0,0,5.63,180.06,8
2026-06-27 18:26:10,153.2,6.53,6.93,6.84,0,0,5.63,180.10,8
2026-06-27 18:26:11,165.0,6.06,6.55,6.42,0,0,5.63,180.06,8
2026-06-27 18:26:12,153.0,6.54,7.12,6.87,0,0,5.63,180.11,8
2026-06-27 18:26:13,157.9,6.33,6.64,6.59,0,0,5.63,180.07,8
2026-06-27 18:26:14,158.2,6.32,7.13,6.77,0,0,5.63,180.11,8
2026-06-27 18:26:15,172.5,5.80,7.46,6.15,0,0,5.64,180.09,8
2026-06-27 18:26:16,172.6,5.79,6.68,6.19,0,0,5.64,180.14,8
2026-06-27 18:26:17,167.8,5.96,6.93,6.28,0,0,5.64,180.09,8
2026-06-27 18:26:18,173.8,5.75,6.41,6.24,0,0,5.64,180.09,8
2026-06-27 18:26:19,166.7,6.00,7.76,6.63,0,0,5.64,180.08,8
2026-06-27 18:26:20,160.2,6.24,9.86,6.76,0,0,5.64,180.08,8
2026-06-27 18:26:21,161.4,6.20,7.10,6.73,0,0,5.64,180.09,8
2026-06-27 18:26:22,164.8,6.07,7.29,6.57,0,0,5.65,180.11,8
2026-06-27 18:26:23,166.2,6.02,6.71,6.59,0,0,5.66,180.10,8
2026-06-27 18:26:24,163.3,6.12,16.07,6.67,0,0,5.66,180.95,8
2026-06-27 18:26:25,154.5,6.47,17.43,6.96,0,0,5.66,181.33,8
2026-06-27 18:26:26,124.3,8.05,10.75,10.39,0,0,5.66,181.34,8
2026-06-27 18:26:27,111.7,8.95,11.08,10.76,0,0,5.66,181.33,8
2026-06-27 18:26:29,158.3,6.32,6.99,6.60,0,0,5.66,181.34,8
2026-06-27 18:26:30,148.6,6.73,9.08,7.45,0,0,5.66,181.33,8
2026-06-27 18:26:31,137.2,7.29,8.31,7.94,0,0,5.67,181.47,8
2026-06-27 18:26:32,148.5,6.73,7.80,7.66,0,0,5.67,181.48,8
2026-06-27 18:26:33,161.4,6.19,6.73,6.53,0,0,5.67,181.48,8
2026-06-27 18:26:34,159.4,6.27,7.08,6.90,0,0,5.67,181.51,8
2026-06-27 18:26:35,99.9,10.01,195.34,9.64,0,0,5.68,181.46,8
2026-06-27 18:26:36,133.6,7.48,8.77,8.23,0,0,5.68,181.43,8
2026-06-27 18:26:37,128.6,7.77,9.89,9.50,0,0,5.68,181.46,8
2026-06-27 18:26:38,155.1,6.45,6.79,6.68,0,0,5.68,181.51,8
2026-06-27 18:26:39,156.5,6.39,6.75,6.65,0,0,5.69,181.45,8
2026-06-27 18:26:40,155.6,6.43,6.89,6.66,0,0,5.69,181.51,8
2026-06-27 18:26:41,153.3,6.52,6.86,6.79,0,0,5.69,181.45,8
2026-06-27 18:26:42,89.3,11.20,15.64,15.24,0,0,5.70,181.55,8
2026-06-27 18:26:43,142.4,7.02,8.52,8.07,0,0,5.70,181.62,8
2026-06-27 18:26:44,158.5,6.31,6.79,6.69,0,0,5.70,181.67,8
2026-06-27 18:26:45,150.8,6.63,11.54,6.86,0,0,5.70,181.61,8
2026-06-27 18:26:46,76.7,13.03,16.51,16.44,0,0,5.70,181.69,8
2026-06-27 18:26:47,105.2,9.50,10.94,10.64,0,0,5.70,181.63,8
2026-06-27 18:26:48,108.7,9.20,12.91,12.56,0,0,5.70,181.77,8
2026-06-27 18:26:49,160.6,6.23,6.88,6.73,0,0,5.70,181.74,8
2026-06-27 18:26:50,155.3,6.44,7.14,7.02,0,0,5.70,181.78,8
2026-06-27 18:26:51,152.9,6.54,7.18,7.09,0,0,5.70,181.74,8
2026-06-27 18:26:52,145.6,6.87,8.18,7.85,0,0,5.70,181.79,8
2026-06-27 18:26:53,119.4,8.38,9.31,8.93,0,0,5.70,181.74,8
2026-06-27 18:26:54,145.0,6.89,9.14,8.83,0,0,5.70,181.79,8
2026-06-27 18:26:55,151.1,6.62,8.37,6.90,0,0,5.73,181.79,8
2026-06-27 18:26:56,113.9,8.78,269.29,6.90,0,0,5.29,194.10,0
2026-06-27 18:26:57,621.5,1.61,5.33,1.97,0,0,5.30,194.02,0
